"ROUTE_ID","ROUTE_NM","ROUTE_TY","DSTNC"
"100100427","4319","지선",33.3
"103900013","성동14","마을",3.2
"103000004","한강02","순환",
"100100098","651","간선",51.5
"100100025","146","간선",57.2
"100100159","1144","지선",19.89
"100900002","종로13","마을",7.5
"100100284","5630","지선",28.42
"100100226","3414","지선",36.6
"100100533","6017","공항",156
"115900002","강서06","마을",12.3
"117900003","금천03","마을",7.2
"121900012","서초15","마을",10
"117900006","금천02","마을",10.4
"100100268","5536","지선",27.6
"112000003","8773출근","지선",26.1
"108900004","강북09","마을",17.5
"103900003","성동01","마을",6.8
"210000109","99부천","경기",
"100100416","6005","공항",149
"100100249","5413","지선",36.13
"100100250","5511","지선",25.4
"120000003","8661","지선",11
"100100147","1131","지선",16.43
"100100591","N30","",47.5
"100100513","6100","공항",220
"100100383","8541","지선",28.86
"116900018","양천04","마을",13.3
"100100360","7730","지선",30.6
"100100198","2221","지선",26.4
"102900002","용산02","마을",9.2
"119900008","동작19","마을",5.5
"113000002","452","간선",62.74
"107900005","성북04","마을",7.5
"100100259","5523","지선",12.2
"100100079","504","간선",44.04
"100100257","5522A난곡","지선",20
"119900023","동작05-1","마을",12.9
"105900006","동대문03","마을",7.4
"100000017","TOUR11","관광",25
"100100298","6616","지선",27.19
"111000022","707","간선",78.75
"100100291","6511","지선",37.5
"104900005","광진01","마을",14
"104900004","광진05","마을",9
"110900003","노원05","마을",8.3
"110900009","노원02","마을",14.5
"112900004","서대문03","마을",8.7
"117900002","금천04","마을",9.8
"113900010","마포07","마을",7
"115000009","N6002","공항",163
"110000004","8146","간선",57.2
"207000105","G6000N의정부","경기",
"207000106","G6100N의정부","경기",
"234001738","500-2N광주","경기",
"228000418","1101N용인","경기",
"235000116","G1300N양주","경기",
"119900016","동작17","마을",14
"216000096","3100N안산","경기",
"100100593","N13","",75
"122000006","N6703","공항",197
"104000011","N31","",73.7
"118900006","영등포05","마을",13.2
"100100588","N62","",72.3
"100100057","360","간선",55.7
"107000007","1112","지선",22.8
"236000237","3100N포천","경기",
"100100222","3316","지선",18.7
"118900007","영등포08","마을",3.7
"114900002","양천02","마을",10.8
"228000429","5001A용인","경기",
"100100188","2013","지선",21.2
"228000430","5001-1A용인","경기",
"228000431","5003A용인","경기",
"228000433","1560B용인","경기",
"100100209","2412","지선",34
"100100454","361","간선",54.2
"100100133","1113","지선",13.9
"100100352","7720","지선",27.76
"100100142","1126","지선",18.913
"111900007","은평06","마을",4.8
"100100016","110A고려대","간선",36.9
"100100015","110B국민대","간선",36.8
"100100478","3317","지선",20.1
"100100001","01A","순환",16
"100100192","2113","지선",19.1
"106000006","8442퇴근","지선",12.2
"100100607","9711","광역",90.5
"239000135","1330-3가평","경기",
"222000178","8002-1남양주","경기",
"222000179","M2341남양주","경기",
"100100152","1137","지선",24
"100100453","6613","지선",31
"100100153","1138","지선",17.7
"113900002","마포03","마을",7.8
"100100573","6702","공항",168
"100100068","420","간선",46.2
"112000005","7716","지선",15.7
"119900005","서초16","마을",7
"104000010","2416","지선",35.7
"207000109","1205의정부","경기",
"116900014","구로02","마을",5.1
"110900007","노원08","마을",8
"100100010","105","간선",38.77
"100100255","5519","지선",7.7
"231000139","4402안성","경기",
"168000047","86인천","인천",
"113900008","마포10","마을",5.5
"100100252","5515","지선",10.8
"102000001","서울07출근","간선",13
"100100186","2012","지선",39
"100100266","5634","지선",28.47
"113000004","9401-1","광역",56
"119900002","서초06","마을",7
"111000025","서울04퇴근","간선",13
"100100449","7013A","지선",39
"100100232","3422","지선",39.4
"100100274","5617","지선",10.53
"100100201","2224","지선",17.3
"121900013","서초13","마을",18.4
"112900002","서대문12","마을",4.5
"119900003","서초05","마을",5.7
"121900014","서초22","마을",3.5
"100100598","2115","지선",36.7
"115000014","6611","지선",14.2
"104000009","111","간선",57.1
"100100304","6627","지선",28.34
"100100278","5621","지선",6.45
"112900008","서대문14","마을",4
"124000036","345","간선",49
"100100063","402","간선",56.21
"115900005","강서05","마을",18.2
"100100130","1017","지선",23.95
"100000020","청와대A01","순환",2.6
"100100177","1218","지선",31.7
"101000006","상암A21","간선",
"213000029","200광명","경기",
"124000038","342","간선",47
"100100220","3314","지선",29.4
"204000007","357성남","경기",
"100100018","130","간선",48.7
"100100437","771","간선",53
"107000004","8003","지선",6.7
"108900008","강북05","마을",8.4
"100100156","1141","지선",15.5
"109900011","노원14","마을",17
"103900004","성동02","마을",13
"100100584","6010","공항",137
"221000040","680구리","경기",
"119900015","동작18","마을",13
"100100289","6211","지선",52.68
"104000014","040","간선",38.5
"100100093","640","간선",38.3
"100100090","605","간선",57.3
"100100179","1222","지선",18.6
"103000005","한강03","순환",
"115000006","6019","공항",
"100100329","6657","지선",19.09
"233000374","P9602(퇴근)양주","경기",
"124000014","6007","공항",145
"100100576","6516","지선",50
"100100587","705","간선",38
"110900005","노원03","마을",10.9
"100100602","6640B","지선",20.7
"100100599","2311","지선",45.5
"100000027","서대문A01","간선",5.9
"100100609","4425","지선",48
"100100302","6624","지선",24.1
"100100223","3411","지선",34.6
"100100538","6018","공항",135
"100100277","5620","지선",27.7
"100100316","6642","지선",30.6
"117000002","N51","",77.4
"100100085","600","간선",38
"119900006","동작10","마을",7.8
"104000006","242","간선",47
"100100083","540","간선",52
"100100096","643","간선",45
"100100150","1135","지선",17.6
"113900011","마포05","마을",2.1
"124900003","강동02","마을",28
"100100053","303","간선",54.59
"106900001","중랑01","마을",3.6
"122000012","6100-1","공항",195
"100100572","6703","공항",168
"100100320","6647","지선",23.7
"100100151","1136","지선",10.8
"100100158","1143","지선",25.06
"113900012","마포06","마을",7.5
"102900001","마포01","마을",5.9
"100100021","142","간선",59.4
"100100171","1164","지선",8.31
"101900003","동작A01","간선",3.24
"111900010","은평10","마을",4.4
"100100413","6002","공항",161
"119900009","동작08","마을",9.1
"100100419","6012","공항",141
"111000010","7734","지선",32.5
"112900003","서대문07","마을",4.6
"100100309","6632","지선",34.96
"100100295","5611","지선",12
"100100579","3420","지선",48.5
"121900005","서초03","마을",11.2
"114000003","8671","지선",17.5
"121900009","서초01","마을",4.3
"122000002","6102","공항",190
"223000150","5104오산","경기",
"106900002","중랑02","마을",7.1
"100100610","N15","",76
"100100586","N26","",72.9
"116900004","구로11","마을",14.8
"234001760","119-1광주","경기",
"100100313","6638","지선",25.64
"115900001","강서04","마을",7.8
"111000024","서울03퇴근","간선",37
"100100019","140","간선",58.1
"116900002","구로12","마을",2.8
"115000011","서울02출근","간선",12
"124000016","N6000","공항",157
"100100507","6009","공항",187.6
"100100183","1226","지선",8.72
"168000060","M6660인천","인천",
"227000053","9302-1하남","경기",
"100100578","3321","지선",24.3
"103900002","성동08","마을",10
"116000002","6615","지선",19.1
"107900010","성북14-1","마을",6.4
"110900004","노원01","마을",2.6
"100100023","144","간선",47.2
"208000019","9안양","경기",
"111000019","2236","지선",27
"105900004","성북20","마을",10.2
"100100564","320","간선",39.2
"107900003","성북02","마을",6.6
"233000270","4108화성","경기",
"204000067","341성남","경기",
"207000102","G6100의정부","경기",
"208000066","G9633안양","경기",
"218000117","3400파주","경기",
"232000116","G6002김포","경기",
"232000117","G6004김포","경기",
"233000328","G1003화성","경기",
"233000329","G8157화성","경기",
"233000332","M4448화성","경기",
"233000333","8502화성","경기",
"224000060","27시흥","경기",
"227000046","초이-01","경기",
"234001705","3800광주","경기",
"210000049","56-1부천","경기",
"229000247","9710-1파주","경기",
"233000336","P9301(출근)화성","경기",
"233000337","P9301(퇴근)화성","경기",
"233000338","P9302(출근)화성","경기",
"233000339","P9302(퇴근)화성","경기",
"228000401","P9201(퇴근)용인","경기",
"232000118","G6005김포","경기",
"123000002","6600","공항",196
"241457013","양주15-1","경기",
"200000333","1112(예약)수원","경기",
"228000400","P9201(출근)용인","경기",
"200000334","M5422(예약)수원","경기",
"100100597","405","간선",43.9
"166000022","931인천","인천",
"115000005","6648","지선",29
"200000335","M5107(예약)수원","경기",
"105900001","동대문05","마을",9.8
"100100146","1130","지선",7.9
"100100359","7728","지선",58.3
"124000008","7719","지선",13.3
"115000007","654","간선",44.5
"116000005","8561","지선",11.5
"121900002","서초08","마을",10.6
"119900004","서초17","마을",12.5
"113900005","마포02","마을",3
"100100421","6014","공항",146
"123000016","한강버스(마곡)","",28.9
"116900006","구로07","마을",13.3
"107000008","422","간선",59.7
"124000039","3323","지선",33.4
"100100410","502","간선",70.47
"108000002","1167","지선",18.9
"114900006","영등포12","마을",9.8
"116900016","구로15","마을",6
"103900008","성동10","마을",5.3
"100100570","6705A","공항",196
"122000004","N6701","공항",188
"100100048","272","간선",46.5
"115900006","강서01","마을",12
"100100269","5537","지선",11.1
"117900005","금천08","마을",12.6
"204000189","G8110(예약)성남","경기",
"204000190","M4102(예약)성남","경기",
"204000191","9000(예약)성남","경기",
"207000123","G6100(예약)의정부","경기",
"207000124","G6000(예약)의정부","경기",
"200000336","M5115(예약)수원","경기",
"115000012","6633","지선",50
"222000238","M2323(예약)남양주","경기",
"223000151","1550-1(예약)오산","경기",
"224000075","3301(예약)시흥","경기",
"124000006","6200","공항",204.4
"100100307","6630","지선",36.72
"108900010","도봉02","마을",7.9
"113900015","마포09","마을",8.5
"100100387","8774","지선",18.7
"100100082","507","간선",50.244
"100100446","7025","지선",33
"100100553","350","간선",51.2
"109000006","서울10퇴근","간선",10
"100100202","2227","지선",39.5
"123900001","송파01","마을",13.1
"108900006","강북01","마을",8.8
"107000001","1116","지선",12
"100100149","1133","지선",12.6
"218000174","1500(예약)고양","경기",
"218000175","M7119(예약)고양","경기",
"229000315","M7111(예약)파주","경기",
"232000149","M6427(예약)김포","경기",
"229000316","2200-1파주","경기",
"232000150","6428김포","경기",
"232000151","7000김포","경기",
"232000152","7100김포","경기",
"235000127","P9603(출근)양주","경기",
"100100283","5627","지선",35.91
"121000002","8442출근","지선",12.2
"226000034","P9901(출근)의왕","경기",
"226000035","P9901(퇴근)의왕","경기",
"228000449","8100(예약)용인","경기",
"228000450","M4101(예약)용인","경기",
"228000451","1241(예약)용인","경기",
"228000452","5500-2(예약)용인","경기",
"228000453","5006(예약)용인","경기",
"241007238","4300-2군포","경기",
"161000015","M6751인천","인천",
"228000454","1550(예약)용인","경기",
"228000455","1570(예약)용인","경기",
"229000314","7111파주","경기",
"233000455","4403(예약)화성","경기",
"100100105","702B","간선",46.32
"241312018","고양022B","경기",
"241007237","8153-1고양","경기",
"235000128","P9603(퇴근)양주","경기",
"239000165","P7001(출근)하행가평","경기",
"233000456","6001(예약)화성","경기",
"233000457","6002(예약)화성","경기",
"239000166","P7001(퇴근)상행가평","경기",
"239000167","P7001(퇴근)하행가평","경기",
"204000192","311성남","경기",
"233000458","8501(예약)화성","경기",
"233000459","G6009(예약)화성","경기",
"100100420","6013","공항",167
"107000006","서울01출근","간선",38
"233000460","M4130(예약)화성","경기",
"233000461","M4137(예약)화성","경기",
"100100131","1020","지선",23.2
"100100552","7739","지선",19
"100100080","505","간선",57.4
"100100447","7016","지선",50
"233000462","M4434(예약)화성","경기",
"100100118","753","간선",49.2
"120900001","동작13","마을",13.9
"120900006","관악07","마을",2.1
"233000463","M4448(예약)화성","경기",
"233000464","1007(예약)화성","경기",
"108900012","강북12","마을",5.7
"233000465","1009(예약)화성","경기",
"233000466","M4108(예약)화성","경기",
"233000467","M4403(예약)화성","경기",
"239000161","P7001가평","경기",
"112000001","8777","지선",10.5
"119900012","동작14","마을",6.2
"100100358","7727","지선",60.96
"100100496","333","간선",46.5
"100100498","3318","지선",44
"104900001","광진04","마을",14
"100100550","662","간선",36.99
"100100261","5525","지선",15.75
"100100501","3319","지선",23.4
"114900004","관악11","마을",3.2
"109900003","도봉06","마을",7.2
"124000010","8331","지선",5.5
"108900002","강북02","마을",5.2
"109900005","도봉09","마을",13.6
"228000404","P9211(출근)용인","경기",
"228000405","P9211(퇴근)용인","경기",
"241461015","김포16A","경기",
"222000209","M2352남양주","경기",
"233000355","P9110(출근)화성","경기",
"233000356","P9110(퇴근)화성","경기",
"234001709","P9243(출근)광주","경기",
"234001710","P9243(퇴근)광주","경기",
"234001712","P9401(퇴근)광주","경기",
"234001713","P9402(출근)광주","경기",
"234001714","P9402(퇴근)광주","경기",
"234001715","P9404(출근)광주","경기",
"234001716","P9404(퇴근)광주","경기",
"234001711","P9401(출근)광주","경기",
"100100276","5619","지선",18.77
"233000366","P9541(출근)화성","경기",
"233000367","P9541(퇴근)화성","경기",
"227000047","33하남","경기",
"204000029","200성남","경기",
"216000089","6501안산","경기",
"233000371","P9601(출근)양주","경기",
"233000372","P9601(퇴근)양주","경기",
"233000373","P9602(출근)양주","경기",
"233000375","P9701(출근)화성","경기",
"224000052","5200시흥","경기",
"213000027","102광명","경기",
"241339004","구리2-2","경기",
"241006190","1309고양","경기",
"241006200","1312고양","경기",
"241006973","8455안성","경기",
"204000149","반디1","경기",
"204000150","반디1-1","경기",
"227000043","35하남","경기",
"241006777","8843남양주","경기",
"232000105","이음1김포","경기",
"232000106","이음2","경기",
"119900021","동작12","마을",6.5
"101000003","TOUR04","관광",37.8
"204000141","9200성남","경기",
"233000265","4403화성","경기",
"222000177","105남양주","경기",
"161000004","M6450인천","인천",
"204000153","9400성남","경기",
"100900008","종로02","마을",8
"100000018","TOUR12","관광",29.5
"239000140","7001가평","경기",
"100100139","1124","지선",10.5
"100900009","종로12","마을",5.4
"104000012","0411","지선",44.3
"100100027","148","간선",44.6
"120900002","관악10","마을",6
"241007077","4300-1수원","경기",
"241006932","700-1고양","경기",
"108900014","서대문15","마을",4
"204000013","60성남","경기",
"121900003","서초10","마을",12.6
"233000139","8155화성","경기",
"233000140","1002화성","경기",
"241000820","8147고양","경기",
"241000830","1801고양","경기",
"241000840","8153고양","경기",
"204000083","100출성남","경기",
"233000135","8501화성","경기",
"233000136","6002화성","경기",
"204000084","331성남","경기",
"227000019","9303하남","경기",
"232000090","G6000김포","경기",
"235000080","19양주","경기",
"235000081","19-1양주","경기",
"210000057","60-1부천","경기",
"213000024","8507광명","경기",
"221000033","1680구리","경기",
"232000095","21김포","경기",
"233000258","8156화성","경기",
"207000093","10-3의정부","경기",
"224000047","3300시흥","경기",
"228000179","101용인","경기",
"234000310","1009광주","경기",
"222000137","1200-1남양주","경기",
"224000050","3400시흥","경기",
"227000036","87하남","경기",
"234001619","M4434광주","경기",
"235000085","1100양주","경기",
"241461002","김포16","경기",
"241352007","고양075A","경기",
"241352009","고양075B","경기",
"241408002","하남03","경기",
"241461005","김포16-1","경기",
"234001622","M4137광주","경기",
"100100191","2112","지선",36.5
"234000015","1007광주","경기",
"234000079","500-1광주","경기",
"234000009","32광주","경기",
"234000031","1115-6광주","경기",
"234001476","M2323광주","경기",
"222000105","M2316남양주","경기",
"222000084","8002남양주","경기",
"222000090","8012남양주","경기",
"222000107","1001남양주","경기",
"103900001","성동09","마을",2.8
"112900001","서대문10","마을",5.5
"120900004","관악06","마을",5.8
"120900009","관악04","마을",4.8
"110000006","8112","지선",11
"241003280","1336고양","경기",
"241004890","8165용인","경기",
"241005840","8849하남","경기",
"241005870","8842광주","경기",
"241005890","8844남양주","경기",
"241005910","5100성남","경기",
"241005940","5200성남","경기",
"241005960","7300고양","경기",
"241005980","8829이천","경기",
"241006510","7002고양","경기",
"108900005","강북04","마을",5
"100100339","7019","지선",39
"216000047","5602안산","경기",
"227000003","30하남","경기",
"228000175","5005용인","경기",
"218000011","1100고양","경기",
"229000017","830파주","경기",
"210000027","12부천","경기",
"234001251","1311오산","경기",
"236000048","72포천","경기",
"236000052","72-3포천","경기",
"240000008","2000-2양평","경기",
"213000016","101광명","경기",
"219000027","1900고양","경기",
"224000019","3200시흥","경기",
"234000002","9000광주","경기",
"210000013","3부천","경기",
"200000175","5300수원","경기",
"217000013","320안산","경기",
"204000065","9607성남","경기",
"222000008","155남양주","경기",
"200000108","3003수원","경기",
"208000005","11-5안양","경기",
"233000376","P9701(퇴근)동두천","경기",
"235000115","1101양주","경기",
"228000412","M4455용인","경기",
"228000413","4101용인","경기",
"100100224","3412","지선",50.8
"100100137","1119","지선",20.73
"100100234","4212","지선",35.18
"118900001","영등포04","마을",13
"100100300","6620","지선",25.12
"100100076","500","간선",44.1
"110000007","서울09출근","간선",16
"100100290","6411","지선",54.8
"104900002","광진03","마을",13
"110000008","서울09퇴근","간선",16
"118900009","영등포11","마을",5.1
"111900006","은평07","마을",3.6
"100100030","151","간선",47.32
"109000003","서울10출근","간선",10
"100100034","162","간선",37.7
"100100051","301","간선",48.15
"100100037","172","간선",47
"100100061","370","간선",48.7
"115900003","강서02","마을",8.1
"100100073","470","간선",55.28
"100100077","501","간선",29.92
"100100211","2415","지선",25.2
"100100091","606","간선",62.9
"110900006","노원09","마을",12
"118900005","영등포03","마을",8.5
"224000066","5601시흥","경기",
"241236007","의정부01","경기",
"232000139","6701김포","경기",
"229000281","M7154파주","경기",
"218000158","M7731고양","경기",
"228000427","5600(급행)용인","경기",
"228000428","5001-1(급행)용인","경기",
"218000155","M7119고양","경기",
"233000397","8155(예약)화성","경기",
"100100031","152","간선",64.43
"100100253","5516","지선",23.8
"100100282","5626","지선",49
"236000222","3006포천","경기",
"227000044","89하남","경기",
"107000002","343","간선",40.7
"100100017","120","간선",33.101
"111000021","서울04출근","간선",13
"110000005","8101","지선",30.2
"100100567","6701","공항",154
"106000005","서울07퇴근","간선",13
"111000026","서울08퇴근","간선",10
"119900020","동작03","마을",9.6
"100100129","1014","지선",12.6
"118900008","영등포10","마을",5.9
"108900013","강북08","마을",5.7
"164000007","M6458인천","인천",
"100100164","1154","지선",27.64
"111900012","은평08-2","마을",4.1
"119900014","동작06","마을",4.8
"100100170","1162","지선",8.78
"100100596","400","간선",48.9
"103000001","8441","지선",9.5
"108900009","강북10","마을",3.8
"207000103","360의정부","경기",
"241352012","고양075A(향동)","경기",
"222000210","M2353남양주","경기",
"241350004","남양주85-1","경기",
"100100194","2211","지선",16.8
"117900001","금천05","마을",9.6
"204000172","4103성남","경기",
"230000184","3401이천","경기",
"208000068","M5556안양","경기",
"222000213","1670-1남양주","경기",
"224000061","6502시흥","경기",
"234001736","3302광주","경기",
"207000104","1102의정부","경기",
"236000234","1403포천","경기",
"229000273","7101파주","경기",
"218000125","65고양","경기",
"100100318","6645","지선",27.46
"117900004","금천06","마을",13.3
"117900012","금천11-1","마을",7.5
"228000419","4401용인","경기",
"241312019","고양054","경기",
"241312020","고양064","경기",
"200000325","M5443수원","경기",
"200000326","M5443(예약)수원","경기",
"222000222","115남양주","경기",
"227000048","36하남","경기",
"100100258","5522B호암","지선",20
"100100340","7021","지선",33.69
"207000110","106-1의정부","경기",
"224000071","3401시흥","경기",
"169000037","3000인천","인천",
"232000137","6601김포","경기",
"232000138","3000-1김포","경기",
"108900003","강북03","마을",4.6
"100100124","0017","지선",13.5
"107000003","8002","지선",7.5
"100100007","102","간선",30.2
"100100148","1132","지선",19.58
"119900007","동작01","마을",10.5
"100100341","7022","지선",30.8
"100100604","4211","지선",33
"100100071","461","간선",62.29
"100100613","3322","지선",27.3
"100100364","7738","지선",19.48
"119900017","동작16","마을",13
"116900011","구로04","마을",7.7
"100100303","6625","지선",29.5
"100100425","1122","지선",19.4
"103900009","성동12","마을",5.3
"100100332","6715","지선",30.4
"100100574","541","간선",56.7
"100100495","672","간선",39
"112000006","8762퇴근","지선",13
"100100097","650","간선",42.48
"107000005","9409","광역",61
"100100134","1114","지선",8.3
"111000014","761","간선",39
"100100199","2222","지선",23.2
"122000011","6104","공항",210
"100100117","752","간선",51.2
"222000186","105-1남양주","경기",
"224000054","3500시흥","경기",
"241306002","고양077B","경기",
"222000192","1006남양주","경기",
"239000139","7000가평","경기",
"239000141","7002가평","경기",
"234001691","1311B광주","경기",
"241006771","5200-1성남","경기",
"233000321","6008화성","경기",
"228000393","7007-1용인","경기",
"232000111","G6003김포","경기",
"234001694","3201광주","경기",
"234001695","G3202광주","경기",
"230000179","G2100이천","경기",
"226000022","G3900의왕","경기",
"207000099","G6000의정부","경기",
"240000174","G9311양평","경기",
"221000035","G1690구리","경기",
"235000104","G1200양주","경기",
"200000283","3000(예약)수원","경기",
"200000284","7770(예약)수원","경기",
"168000005","M6439인천","인천",
"200000285","7780(예약)수원","경기",
"200000286","7800(예약)수원","경기",
"200000289","3002예약수원","경기",
"200000290","3007예약수원","경기",
"200000296","5100예약수원","경기",
"200000297","8800예약수원","경기",
"233000322","G6009화성","경기",
"218000116","730고양","경기",
"224000056","3201시흥","경기",
"228000394","5002A용인","경기",
"228000395","5700A용인","경기",
"229000263","9709파주","경기",
"238000048","G2001연천","경기",
"200000299","5200수원","경기",
"224000057","3301시흥","경기",
"236000063","1386포천","경기",
"200000293","3003예약수원","경기",
"233000326","1006화성","경기",
"207000101","1-8의정부","경기",
"234001697","6600광주","경기",
"207000100","56의정부","경기",
"204000156","9800성남","경기",
"109900010","노원15","마을",28
"100100190","2015","지선",29.81
"241007076","4300수원","경기",
"210000103","56-2부천","경기",
"222000181","76남양주","경기",
"100100132","1111","지선",26.17
"100100172","1165","지선",21.3
"121900008","서초02","마을",6.7
"116900005","구로14","마을",7.8
"233000354","M4449화성","경기",
"234001708","1552오산","경기",
"108900001","강북11","마을",16.5
"113900016","마포18","마을",7.1
"119900024","동작21","마을",5.7
"100100189","2014","지선",22.7
"100100254","5517","지선",37.279
"223000149","5300예약오산","경기",
"100100157","1142","지선",10.1
"100100155","1140","지선",15.9
"122000001","4435","지선",28.5
"119900018","동작07","마을",14
"100100219","3313","지선",21
"112000007","8773퇴근","지선",26.1
"106000007","8333","지선",11.1
"105900003","동대문01","마을",1.6
"100100418","6011","공항",160
"100100043","261","간선",52.7
"124900002","강동01","마을",27
"124900001","강동05","마을",25.9
"100100264","5530","지선",57.356
"123900002","송파02","마을",11.6
"100000024","새벽A160","간선",51.4
"124000013","6103","공항",184
"100900004","종로07","마을",5.8
"100100263","5528","지선",36.73
"100100032","163","간선",55.6
"168000049","M6457인천","인천",
"120900007","관악08","마을",10.2
"110900002","노원11","마을",7.2
"106000001","8221","지선",11.1
"100100601","6640A","지선",20.7
"100100193","2114","지선",27
"115000013","서울02퇴근","간선",12
"100100497","653","간선",27.92
"121900001","서초21","마을",17.6
"100100260","5524","지선",34.916
"100100247","4433","지선",12.2
"121900010","서초14","마을",10.6
"120900005","관악01","마을",9.9
"111000009","8771","지선",7.7
"100100415","6004","공항",151
"100100075","472","간선",39.65
"100100246","4432","지선",25.8
"100100145","1129","지선",8.8
"123000014","6500","공항",173
"208000075","M5556(예약)안양","경기",
"208000076","M5333(예약)안양","경기",
"214000281","5401(예약)평택","경기",
"218000172","M7412(예약)고양","경기",
"222000235","M2352(예약)남양주","경기",
"222000236","M2341(예약)남양주","경기",
"222000237","M2353(예약)남양주","경기",
"121900004","서초20","마을",15.8
"165000421","1302인천","인천",
"227000016","9302하남","경기",
"204000081","1151성남","경기",
"204000082","G8110성남","경기",
"100100114","750A","간선",46.93
"232000094","G6001김포","경기",
"221000032","75구리","경기",
"227000035","9202하남","경기",
"210000093","77부천","경기",
"208000063","M5333안양","경기",
"228000445","5002(예약)용인","경기",
"228000446","M4455(예약)용인","경기",
"228000447","5005(거점)용인","경기",
"100100409","421","간선",57.25
"221000003","1000구리","경기",
"234001511","1000-1남양주","경기",
"220000012","6과천","경기",
"234001574","9000-1광주","경기",
"227000017","31하남","경기",
"233000142","6002-1화성","경기",
"241262002","부천013-1","경기",
"241262003","부천013-2","경기",
"241350002","남양주33-1","경기",
"241347005","남양주82A","경기",
"241274001","광명01","경기",
"241409005","하남07","경기",
"241409006","하남08","경기",
"241347006","남양주82B","경기",
"241409004","하남6-1","경기",
"241274004","광명1-3","경기",
"241411001","하남01","경기",
"109900007","도봉03","마을",5.3
"109900008","도봉04","마을",4.6
"204000060","103성남","경기",
"234001660","M5438광주","경기",
"227000040","9304하남","경기",
"235000092","G1300양주","경기",
"208000024","1-1안양","경기",
"200000274","3008수원","경기",
"222000169","1003남양주","경기",
"227000039","9303-1하남","경기",
"200000262","G5100수원","경기",
"216000061","3102안산","경기",
"223000127","M5532수원","경기",
"234001609","500-1A광주","경기",
"208000014","20안양","경기",
"204000139","231성남","경기",
"221000034","75-1구리","경기",
"100100056","341","간선",45.7
"120900011","관악02-1","마을",10.3
"119900011","동작11","마을",7
"123000015","한강버스(여의도)","",28.9
"100100237","4318","지선",51.6
"100100110","710","간선",48.6
"100100348","7711","지선",13.3
"100900006","종로01","마을",4.5
"100100417","6008","공항",146
"101000005","심야A21","",20
"100100611","2312","지선",46
"100100175","1213","지선",28
"100100203","2230","지선",28.01
"100100215","3216","지선",38.1
"100100297","6614","지선",35.5
"102900004","용산03","마을",10
"101000001","TOUR02","관광",26.4
"112900006","서대문11","마을",11
"100100212","3212","지선",26.5
"116900017","영등포09","마을",8.1
"116900008","영등포01","마을",10
"101900002","용산04","마을",7.6
"229000277","9709N파주","경기",
"232000122","2000김포","경기",
"232000121","70김포","경기",
"241007242","8840화성","경기",
"100900003","종로09","마을",6.4
"111900009","은평09","마을",4.8
"100100014","109","간선",28.164
"100100042","260","간선",53.1
"100100062","401","간선",52.68
"124000040","8332","지선",15
"110000002","173","간선",43.2
"116900010","구로03","마을",3.3
"100900007","종로11","마을",8.6
"100900016","TOUR01","관광",34.9
"107000009","8111","지선",15
"100100566","1115","지선",11.68
"100100462","7715","지선",26.4
"100100306","6629","지선",43
"100100347","7613","지선",34.5
"100100392","9408","광역",66
"100100349","7713","지선",24.2
"113000007","8775출근","지선",12
"100100102","661","간선",53.2
"100100537","740","간선",48.6
"100100286","5712","지선",43.5
"100100287","5713","지선",52
"100100294","6514","지선",49.9
"100100451","6716","지선",48.1
"112900012","서대문09대","마을",2.9
"112900015","서대문02소","마을",2.9
"115900008","강서05-1","마을",6.4
"100100267","5535","지선",37.6
"109900006","도봉08","마을",8.9
"100100499","7212","지선",59
"100100522","2016","지선",54.3
"100100216","3217","지선",42.6
"122900008","강남08","마을",11.9
"100100500","4312","지선",43
"100100218","3220","지선",37.38
"100100305","6628","지선",27.13
"100100308","6631","지선",38.2
"120900003","관악03","마을",4.3
"114000002","8641","지선",52.9
"100100391","9404","광역",56
"122900002","강남05","마을",20
"112900007","서대문06","마을",9.4
"112900011","서대문04","마을",4.2
"100100585","N37","",73.4
"116000006","703","간선",66.2
"123000011","708","간선",34
"100100112","721","간선",43.3
"119900010","동작15","마을",3.8
"100100143","1127","지선",20
"107900018","성북10","마을",6.9
"107900015","성북15","마을",2
"100100229","3417","지선",24.6
"100100138","1120","지선",31.8
"100100204","2233","지선",42.7
"100100024","145","간선",45.6
"100100506","6006","공항",178.7
"100100026","147","간선",52.82
"100100438","3011","지선",42.6
"100100116","742","간선",57.9
"100100181","1224","지선",31.4
"100100166","2212","지선",32.3
"109900001","도봉01","마을",11
"115900004","강서03","마을",10.6
"100100064","406","간선",41.53
"100100052","302","간선",55.46
"100100331","6714","지선",33.8
"100100440","700","간선",61.96
"100100103","701","간선",38.4
"100100185","1711","지선",29.93
"100100337","7017","지선",36.6
"106000004","01B","순환",16
"113000003","8762출근","지선",13
"112900014","서대문02대","마을",7.3
"100100589","N61","",88.6
"100100342","7024","지선",13.668
"100100549","100","간선",57.1
"100100511","760","간선",62.2
"100100400","9707","광역",65.8
"111000029","8775퇴근","지선",12
"100100508","6300","공항",207
"100100087","602","간선",39.47
"116000004","660","간선",45.86
"100100248","5012","지선",45
"100100272","5615","지선",27.5
"100100275","5618","지선",34.3
"100100279","5623","지선",56
"100100288","5714","지선",41.53
"100100292","6512","지선",37.36
"108900007","강북06","마을",7.1
"100100228","3416","지선",16.8
"100100595","241","간선",51
"116900015","구로08","마을",7.5
"100100039","202","간선",53.1
"100100184","1227","지선",26.9
"100900010","종로03","마을",7.2
"100900012","서대문08","마을",5.9
"119900022","동작05","마을",11.7
"120900012","관악02-2","마을",9.2
"100100509","6020","공항",143
"111000017","N72","",70
"100100225","3413","지선",46
"100100020","141","간선",54.1
"100100012","107","간선",60
"113900001","마포17","마을",3
"100100407","240","간선",41.8
"222000030","65-1남양주","경기",
"222000049","1660남양주","경기",
"218000001","85고양","경기",
"222000027","97남양주","경기",
"210000052","57-1부천","경기",
"229000027","31파주","경기",
"210000009","52부천","경기",
"234001317","M5121광주","경기",
"234000034","16광주","경기",
"232000072","8601김포","경기",
"218000010","1500고양","경기",
"234000136","1550광주","경기",
"227000001","30-5하남","경기",
"204000041","9004성남","경기",
"210000012","70-2부천","경기",
"213000015","3001광명","경기",
"229000018","66파주","경기",
"216000046","5609안산","경기",
"232000006","1002김포","경기",
"234000013","1007-1광주","경기",
"222000045","112-1남양주","경기",
"213000017","2광명","경기",
"208000006","11-3안양","경기",
"208000007","1안양","경기",
"222000009","9남양주","경기",
"207000009","1-1의정부","경기",
"200000149","7790수원","경기",
"234000884","1560A용인","경기",
"222000088","8001남양주","경기",
"219000006","1082고양","경기",
"216000044","M6410안산","경기",
"234000314","6004광주","경기",
"222000122","2000-1남양주","경기",
"232000075","M6427김포","경기",
"239000111","1330-4가평","경기",
"210000075","98부천","경기",
"232000047","8600김포","경기",
"234000011","1113-1광주","경기",
"200000145","3002수원","경기",
"236000190","3600포천","경기",
"210000003","50-1부천","경기",
"165000164","9501인천","인천",
"232000073","1004김포","경기",
"222000074","1100남양주","경기",
"216000026","3100안산","경기",
"208000004","11-2안양","경기",
"165000160","9100인천","인천",
"233000125","1008화성","경기",
"165000409","M6628인천","인천",
"229000010","30파주","경기",
"222000078","1200남양주","경기",
"227000004","38하남","경기",
"234000082","13-2광주","경기",
"234000148","5500-2광주","경기",
"234000058","92광주","경기",
"165000215","M6405인천","인천",
"228000262","5006용인","경기",
"229000013","17파주","경기",
"234000324","1550-1광주","경기",
"213000009","39광명","경기",
"228000176","5001B용인","경기",
"227000006","30-3하남","경기",
"165000152","1500인천","인천",
"234000069","1117광주","경기",
"234001163","6501광주","경기",
"210000039","700부천","경기",
"232000029","88김포","경기",
"224000029","530시흥","경기",
"236000149","3200포천","경기",
"207000080","78의정부","경기",
"234001203","1113-10광주","경기",
"210000001","50부천","경기",
"222000050","51남양주","경기",
"165000163","9500인천","인천",
"234000027","6900광주","경기",
"165000303","9802인천","인천",
"165000150","1301인천","인천",
"234000878","8100광주","경기",
"234000875","M4101광주","경기",
"165000245","9201인천","인천",
"200000112","7000수원","경기",
"210000038","75부천","경기",
"207000026","133의정부","경기",
"222000046","1670남양주","경기",
"234000995","M4403화성","경기",
"208000016","5안양","경기",
"228000271","5700B용인","경기",
"219000026","9700고양","경기",
"213000010","22광명","경기",
"234000042","1113광주","경기",
"234000309","9301광주","경기",
"165000154","1601인천","인천",
"222000013","23남양주","경기",
"232000067","388김포","경기",
"229000072","7200파주","경기",
"207000003","1-9의정부","경기",
"210000040","57부천","경기",
"229000071","799파주","경기",
"234001204","1113-11광주","경기",
"234000075","500-2광주","경기",
"165000145","1000인천","인천",
"234001243","M5107광주","경기",
"228000181","1241용인","경기",
"207000004","10-1의정부","경기",
"204000070","9007성남","경기",
"222000032","1-4남양주","경기",
"210000037","71부천","경기",
"204000073","315성남","경기",
"234000879","1101광주","경기",
"210000034","70부천","경기",
"222000026","93남양주","경기",
"213000011","11-2광명","경기",
"165000146","1100인천","인천",
"222000052","95남양주","경기",
"213000005","17광명","경기",
"233000031","7770화성","경기",
"207000002","72-1의정부","경기",
"207000070","3100의정부","경기",
"219000013","1000고양","경기",
"208000027","3030안양","경기",
"222000058","1남양주","경기",
"232000025","60-3김포","경기",
"234001516","1113-2광주","경기",
"165000381","M6724인천","인천",94.5
"222000073","1700남양주","경기",
"165000412","117인천","인천",
"229000023","9710파주","경기",
"212000001","88부천","경기",
"207000021","7의정부","경기",
"222000031","65남양주","경기",
"210000002","12-1부천","경기",
"165000151","1400인천","인천",
"227000005","112-5하남","경기",
"232000071","M6117김포","경기",
"213000003","27광명","경기",
"232000007","8000김포","경기",
"234001271","1570광주","경기",
"200000193","5300-1전수원","경기",
"222000004","202남양주","경기",
"236000050","11포천","경기",
"100100251","5513","지선",15.16
"100100009","104","간선",30.5
"219000016","1200고양","경기",
"222000075","2000남양주","경기",
"228000183","5002B용인","경기",
"219000015","921고양","경기",
"200000150","7800수원","경기",
"234000035","15광주","경기",
"234000040","119광주","경기",
"229000060","790파주","경기",
"213000019","3002광명","경기",
"233000131","6001화성","경기",
"207000085","10-2의정부","경기",
"232000028","2김포","경기",
"234001290","1551B화성","경기",
"213000006","1광명","경기",
"236000176","3500포천","경기",
"213000002","21광명","경기",
"222000002","707남양주","경기",
"238000015","39연천","경기",
"234000050","1650구리","경기",
"228000184","5600용인","경기",
"210000060","23부천","경기",
"234001286","M5115광주","경기",
"234000873","100광주","경기",
"234000882","1150광주","경기",
"239000024","1330-44가평","경기",
"165000149","1300인천","인천",
"239000104","8005가평","경기",
"241006370","700고양","경기",
"222000048","166-1남양주","경기",
"228000174","5000용인","경기",
"206000007","102성남","경기",
"216000021","301안산","경기",
"239000110","1330-2가평","경기",
"234001245","M4108광주","경기",
"204000024","9407성남","경기",
"165000148","1200인천","인천",
"212000002","83부천","경기",
"208000020","9-3안양","경기",
"227000002","81하남","경기",
"234000028","10-5광주","경기",
"222000028","165남양주","경기",
"165000147","1101인천","인천",
"165000161","9200인천","인천",
"200000115","5100수원","경기",
"200000104","3000수원","경기",
"210000042","59부천","경기",
"165000052","78인천","인천",
"204000005","57성남","경기",
"228000177","5001-1B용인","경기",
"228000182","5003B용인","경기",
"219000005","82고양","경기",
"229000032","양주37양주","경기",
"208000026","917안양","경기",
"240000007","2000-1양평","경기",
"210000069","59-1부천","경기",
"208000017","51안양","경기",
"232000017","60김포","경기",
"234001318","M5422광주","경기",
"204000012","50성남","경기",
"207000027","36의정부","경기",
"233000007","777화성","경기",
"234001244","9600고양","경기",
"200000010","900수원","경기",
"200000119","7001수원","경기",
"234000065","1005광주","경기",
"210000036","70-3부천","경기",
"222000076","7007남양주","경기",
"234001138","1551화성","경기",
"234000016","1112광주","경기",
"233000032","7780화성","경기",
"165000377","7700인천","인천",
"228000263","5007용인","경기",
"165000162","9300인천","인천",
"234000003","30광주","경기",
"234000313","1500-2광주","경기",
"234001159","M4102광주","경기",
"235000020","118양주","경기",
"216000043","3101안산","경기",
"204000059","9507성남","경기",
"165000391","60-5인천","인천",
"234000072","13광주","경기",
"234000886","9300광주","경기",
"204000018","100성남","경기",
"213000007","11-1광명","경기",
"213000008","11광명","경기",
"200000110","3007수원","경기",
"229000111","G7426파주","경기",
"229000112","G7625파주","경기",
"219000008","55고양","경기",
"204000046","9003성남","경기",
"234001577","M4130광주","경기",
"232000081","6427김포","경기",
"212000003","10부천","경기",
"200000205","8800수원","경기",
"113900007","마포13","마을",5.1
"100000025","동대문A01","간선",15
"113000006","마포순환열차버스","순환",28.6
"100900011","종로05","마을",5
"100100285","5633","지선",55.82
"229000284","150파주","경기",
"100100178","1221","지선",15.64
"229000285","567파주","경기",
"228000435","5700(예약)용인","경기",
"229000288","2200파주","경기",
"229000289","9030파주","경기",
"229000290","9030-1파주","경기",
"232000144","70(출근)김포","경기",
"161000029","M6462인천","인천",
"233000441","5101화성","경기",
"168000057","M6461인천","인천",
"235000123","1306양주","경기",
"168000059","M6659인천","인천",
"228000441","4104용인","경기",
"218000167","M7412고양","경기",
"229000312","374파주","경기",
"218000168","N999고양","경기",
"231000146","4305안성","경기",
"240000219","2301양평","경기",
"232000145","70C김포","경기",
"232000146","70D김포","경기",
"207000107","57-1의정부","경기",
"111900011","은평08-1","마을",4.1
"111900003","은평02","마을",7.4
"100100423","6016","공항",155
"122900009","강남10","마을",16.3
"122900003","강남01","마을",12
"122900004","강남03","마을",11.6
"112900009","서대문05","마을",6.1
"107900011","성북05","마을",1.2
"107900012","성북06","마을",8.4
"107900013","성북07","마을",5
"100100099","652","간선",47.9
"100100412","6001","공항",146
"117900007","금천07","마을",13.5
"122900006","강남02","마을",7
"122900001","강남07","마을",16.4
"107900009","성북22","마을",4.2
"113900014","마포15","마을",13
"100100565","750B","간선",44
"100100086","601","간선",51.7
"100100006","101","간선",37.8
"120900010","관악05","마을",3.8
"104900003","광진02","마을",4.7
"100100008","103","간선",30.42
"100100029","150","간선",74.8
"100100046","270","간선",50.9
"100100049","273","간선",44
"100100081","506","간선",44.104
"111000028","709","간선",34
"123000010","741","간선",65.8
"113000005","서울06출근","간선",33
"122900010","강남06-2","마을",7.8
"109000005","서울06퇴근","간선",33
"100000026","청계A01","순환",4.8
"100100273","5616","지선",45.4
"100100281","5625","지선",42
"100100521","6515","지선",54
"100100450","7011","지선",35.8
"100100265","5531","지선",52
"100100154","1139","지선",23.62
"100900005","종로08","마을",6.8
"100100144","1128","지선",30.5
"111000023","서울08출근","간선",10
"122900007","강남06-1","마을",8.3
"122900005","강남06","마을",21.6
"110000009","2155","지선",24
"113900009","마포16","마을",9.2
"107900008","성북01","마을",5.3
"100100070","441","간선",66.1
"100100605","463","간선",49.5
"116900007","구로09","마을",15.2
"104000013","3324","지선",24.4
"114900001","양천01","마을",13.6
"100100210","2413","지선",26.3
"111900005","은평05","마을",7.3
"214000276","5503평택","경기",
"218000164","7602고양","경기",
"229000294","3100N파주","경기",
"229000295","3100파주","경기",
"100100583","121","간선",33.7
"115900007","강서07","마을",12.7
"109000004","서울05퇴근","간선",21
"108000001","8551","지선",12.3
"116000001","8552","지선",7.6
"111000016","N75","",88.2
"113900017","마포18-1","마을",6.5
"117900010","금천11","마을",10
"109900004","도봉05","마을",10.4
"113900013","마포08","마을",21
"103900010","성동13","마을",10.6
"100100088","603","간선",35.9
"103900014","성동15","마을",3.1
"116900009","구로05","마을",8
"116900012","구로06","마을",5.5
"116900003","구로10","마을",10.3
"116900001","구로13","마을",8.1
"105900005","성북21","마을",7.9
"107900007","성북08","마을",3.1
"107900006","성북09","마을",4.3
"107900001","성북13","마을",5.8
"100100044","262","간선",56.5
"100100047","271","간선",52.99
"100100104","702A","간선",45.44
"100100422","6015","공항",139
"111000027","706","간선",30
"100100344","7211","지선",48.8
"100100107","704","간선",60
"100100353","7722","지선",19.28
"100100354","7723","지선",17.3
"119900013","동작02","마을",7
"100100111","720","간선",48.72
"100100338","7018","지선",26.4
"100100389","9401","광역",72.36
"100100089","604","간선",42.3
"100100094","641","간선",41.3
"100100022","143","간선",62.2
"109000002","서울05출근","간선",21
"100100033","160","간선",69.9
"100100038","201","간선",51.7
"107900004","성북12","마을",7
"118900004","영등포02","마을",11.4
"100100055","340","간선",41.1
"100100459","440","간선",49
"100100078","503","간선",45
"103000003","한강01","순환",
"100100084","571","간선",57.68
"100100525","8772","지선",12
"100100592","N16","",76.1
"107000010","서울01퇴근","간선",38
"111000020","서울03출근","간선",37
"109900002","도봉07","마을",7.9
"115000010","N64","",70
"229000311","M7111파주","경기",
"100100357","7726","지선",27.5
"119900001","동작20","마을",4.1
"100100299","6617","지선",19
"107900016","성북14-2","마을",3.7
"105900002","동대문02","마을",5.3
"123000013","N73","",76
"118900003","영등포06","마을",7
"118900002","영등포07","마을",7.01
"114900005","영등포13","마을",6.1
"111900014","은평03-1","마을",3.2
"121900006","서초11","마을",12
"102900003","용산01","마을",8
"111900015","은평03-2","마을",3.3
"121900007","서초09","마을",23.7
"113900004","마포11","마을",5.9
"111900004","은평04","마을",7.2
"113900003","마포12","마을",5.8
"100100414","6003","공항",142
"100100221","3315","지선",27.4
"100100373","6101","공항",92
"100100551","673","간선",51
"100100363","7737","지선",27.369
"103900011","성동03-1","마을",9
"119900019","동작09","마을",3.9
"121900015","서초18-1","마을",11.5
"103900012","성동03-2","마을",8.9
"116900013","구로01","마을",5.5
"107900002","성북03","마을",7
"100100036","171","간선",45.37
"117900008","금천01","마을",9
"112900010","서대문01","마을",4.8
"112900005","서대문13","마을",7
"228000420","5600(예약)용인","경기",
"228000421","5001-1(예약)용인","경기",
"228000422","5001(예약)용인","경기",
"228000423","5005(예약)용인","경기",
"228000424","5003(예약)용인","경기",
"234001742","5401광주","경기",
"241409009","하남위례-01","경기",
"235000118","1304양주","경기",
"241274008","광명1A","경기",
"241007069","5500하남","경기",
"241409010","하남감북-01","경기",
"100100213","3214","지선",26.44
"100100312","6637","지선",37.1
"100100301","6623","지선",31.9
"100100330","6712","지선",43.2
"100100293","6713","지선",37.77
"100100345","7611","지선",39.04
"100100346","7612","지선",19.97
"101900001","성동05","마을",5.6
"100100448","7013B","지선",39.1
"123900003","송파03","마을",13
"111000008","674","간선",28
"121900016","서초18","마을",19.5
"121900011","서초07","마을",5
"114900003","양천03","마을",14.8
"112900013","서대문09소","마을",3.5
"100100612","3426","지선",36.9
